{"cameraMode":{"drawMode":0,"name":"Shaded","section":"Shading Mode"},"sceneLighting":false,"audioPlay":false,"sceneViewState":{"showFog":true,"showMaterialUpdate":false,"showSkybox":false,"showFlares":true,"showImageEffects":true,"showParticleSystems":true,"showVisualEffectGraphs":true,"m_FxEnabled":false},"in2DMode":false,"pivot":{"x":-0.04837298393249512,"y":0.939946174621582,"z":0.10914602875709534},"rotation":{"x":-0.18641111254692079,"y":-0.7361078262329102,"z":0.22494974732398988,"w":-0.6109628081321716},"size":1.7615528106689454,"orthographic":false}