{"cameraMode":{"drawMode":0,"name":"Shaded","section":"Shading Mode"},"sceneLighting":true,"audioPlay":false,"sceneViewState":{"showFog":true,"showMaterialUpdate":false,"showSkybox":true,"showFlares":true,"showImageEffects":true,"showParticleSystems":true,"showVisualEffectGraphs":true,"m_FxEnabled":false},"in2DMode":false,"pivot":{"x":120.65887451171875,"y":148.36395263671876,"z":130.03622436523438},"rotation":{"x":0.11615760624408722,"y":0.1534019112586975,"z":-0.009565784595906735,"w":0.9822520613670349},"size":309.25457763671877,"orthographic":false}