{"cameraMode":{"drawMode":0,"name":"Shaded","section":"Shading Mode"},"sceneLighting":false,"audioPlay":false,"sceneViewState":{"showFog":true,"showMaterialUpdate":false,"showSkybox":false,"showFlares":true,"showImageEffects":true,"showParticleSystems":true,"showVisualEffectGraphs":true,"m_FxEnabled":false},"in2DMode":false,"pivot":{"x":0.5879999995231628,"y":-0.1080000102519989,"z":0.9490000009536743},"rotation":{"x":0.11372523009777069,"y":0.7932015657424927,"z":-0.15621677041053773,"w":0.5779352784156799},"size":0.8554357886314392,"orthographic":false}