{"cameraMode":{"drawMode":0,"name":"Shaded","section":"Shading Mode"},"sceneLighting":false,"audioPlay":false,"sceneViewState":{"showFog":true,"showMaterialUpdate":false,"showSkybox":false,"showFlares":true,"showImageEffects":true,"showParticleSystems":true,"showVisualEffectGraphs":true,"m_FxEnabled":false},"in2DMode":false,"pivot":{"x":0.1863834410905838,"y":0.4562150537967682,"z":-0.19791439175605775},"rotation":{"x":0.13386377692222596,"y":-0.6133807301521301,"z":0.10648860037326813,"w":0.771047055721283},"size":0.6032801866531372,"orthographic":false}