{"cameraMode":{"drawMode":0,"name":"Shaded","section":"Shading Mode"},"sceneLighting":false,"audioPlay":false,"sceneViewState":{"showFog":true,"showMaterialUpdate":false,"showSkybox":false,"showFlares":true,"showImageEffects":true,"showParticleSystems":true,"showVisualEffectGraphs":true,"m_FxEnabled":false},"in2DMode":false,"pivot":{"x":0.7339177131652832,"y":-0.45210033655166628,"z":0.7257936000823975},"rotation":{"x":-0.26677027344703677,"y":-0.3120977282524109,"z":0.09170839935541153,"w":-0.9074851870536804},"size":1.5925993919372559,"orthographic":false}